"","BatName","Ratings","AmountWithDiscount","Delivery"
"1","Willow master grey nicolls Maxx English Willow Cricket ...","4.1","₹3,195₹9,00064% off","Free delivery"
"2","Willow master Kookaburra black pro player English Willo...","4","₹3,229₹9,00064% off","Free delivery"
"3","Willow master KABOOB BLASTER English Willow Cricket  Ba...","4.1","₹3,299₹8,99963% off","Free delivery"
"4","Starson KOOKABUURA SG English Willow Cricket Ba English...","5","₹1,860₹4,90062% off","Free delivery"
"5","DSC Condor Patrol English Willow Cricket  Bat","5","₹28,144","Free delivery"
"6","Bogan kookaburra english willow cricket bat English Wil...","4","₹2,399₹7,60068% off","Free delivery"
"7","SUNLIGHT SPORTS ENGLISH WILLOW NUDE CRICKET BAT (SIZE-F...","4.7","₹2,579₹4,99948% off","Free delivery"
"8","VDs FINISHER Extreme Play English Willow Cricket  Bat","4.7","₹1,999₹3,99950% off","Free delivery"
"9","Duroplay Match Edition English Willow Cricket  Bat","4","₹7,495₹14,99050% off","Free delivery"
